Release Date,Movie,Production Budget,Domestic Gross,Worldwide Gross
20091218,Avatar,425000000.00,760507625.00,2783918982.00
20151218,Star Wars Ep. VII: The Force Awakens,306000000.00,936662225.00,2058662225.00
20070524,Pirates of the Caribbean: At World’s End,300000000.00,309420425.00,963420425.00
20151106,Spectre,300000000.00,200074175.00,879620923.00
20120720,The Dark Knight Rises,275000000.00,448139099.00,1084439099.00
20130702,The Lone Ranger,275000000.00,89302115.00,260002115.00
20120309,John Carter,275000000.00,73058679.00,282778100.00
20101124,Tangled,260000000.00,200821936.00,586581936.00
20070504,Spider-Man 3,258000000.00,336530303.00,894860230.00
20150501,Avengers: Age of Ultron,250000000.00,459005868.00,1408218722.00
20160506,Captain America: Civil War,250000000.00,408084349.00,1153304495.00
20160325,Batman v Superman: Dawn of Justice,250000000.00,330360194.00,868160194.00
20121214,The Hobbit: An Unexpected Journey,250000000.00,303003568.00,1017003568.00
20090715,Harry Potter and the Half-Blood Prince,250000000.00,301959197.00,935083686.00
20131213,The Hobbit: The Desolation of Smaug,250000000.00,258366855.00,960366855.00
20141217,The Hobbit: The Battle of the Five Armies,250000000.00,255119788.00,955119788.00
20110520,Pirates of the Caribbean: On Stranger Tides,250000000.00,241063875.00,1045663875.00
20170414,The Fate of the Furious,250000000.00,225764765.00,1237444462.00
20060628,Superman Returns,232000000.00,200120000.00,374085065.00
20170526,Pirates of the Caribbean: Dead Men Tell No Tales,230000000.00,172025649.00,785811862.00
20081114,Quantum of Solace,230000000.00,169368427.00,591692078.00
20120504,The Avengers,225000000.00,623279547.00,1519479547.00
20060707,Pirates of the Caribbean: Dead Man’s Chest,225000000.00,423315812.00,1066215812.00
20130614,Man of Steel,225000000.00,291045518.00,667999518.00
20080516,The Chronicles of Narnia: Prince Caspian,225000000.00,141621490.00,417341288.00
20120703,The Amazing Spider-Man,220000000.00,262030663.00,757890267.00
20170621,Transformers: The Last Knight,217000000.00,130168683.00,601039038.00
20150612,Jurassic World,215000000.00,652198010.00,1671640593.00
20120525,Men in Black 3,215000000.00,179020854.00,654213485.00
20090624,Transformers: Revenge of the Fallen,210000000.00,402111870.00,836519699.00
20140627,Transformers: Age of Extinction,210000000.00,245439076.00,1104039076.00
20060526,X-Men: The Last Stand,210000000.00,234362462.00,459260946.00
20100514,Robin Hood,210000000.00,105269730.00,322241588.00
20120518,Battleship,209000000.00,65233400.00,305218228.00
20051214,King Kong,207000000.00,218080025.00,550517357.00
20071207,The Golden Compass,205000000.00,70107728.00,367262558.00
19971219,Titanic,200000000.00,658672302.00,2207615668.00
20161216,Rogue One: A Star Wars Story,200000000.00,532177324.00,1050988488.00
20160617,Finding Dory,200000000.00,486295561.00,1022617376.00
20100618,Toy Story 3,200000000.00,415004880.00,1069818229.00
20130503,Iron Man 3,200000000.00,408992272.00,1215392272.00
20170505,Guardians of the Galaxy Vol 2,200000000.00,389385268.00,860049430.00
20040630,Spider-Man 2,200000000.00,373524485.00,795110670.00
20100305,Alice in Wonderland,200000000.00,334191110.00,1025491110.00
20121108,Skyfall,200000000.00,304360277.00,1110526981.00
20130621,Monsters University,200000000.00,268488329.00,743588329.00
20130308,Oz the Great and Powerful,200000000.00,234770996.00,490359051.00
20140523,X-Men: Days of Future Past,200000000.00,233921534.00,747862775.00
20140502,The Amazing Spider-Man 2,200000000.00,202853933.00,708996336.00
20110624,Cars 2,200000000.00,191450875.00,560155383.00
20101217,Tron: Legacy,200000000.00,172062763.00,400062763.00
20091113,2012,200000000.00,166112167.00,788408539.00
20090521,Terminator Salvation,200000000.00,125322469.00,365491792.00
20110617,Green Lantern,200000000.00,116601172.00,219535492.00
20100528,Prince of Persia: Sands of Time,200000000.00,90759676.00,314594597.00
20110629,Transformers: Dark of the Moon,195000000.00,352390543.00,1123790543.00
20170609,The Mummy,195000000.00,80101125.00,403814493.00
20130301,Jack the Giant Slayer,195000000.00,65187603.00,197687603.00
20150403,Furious 7,190000000.00,351032910.00,1516748684.00
20130516,Star Trek Into Darkness,190000000.00,228778661.00,467381584.00
20130621,World War Z,190000000.00,202359711.00,531514650.00
20130510,The Great Gatsby,190000000.00,144840419.00,351040419.00
20091106,Disney's A Christmas Carol,190000000.00,137855863.00,315709697.00
20130712,Pacific Rim,190000000.00,101802906.00,411002906.00
20151125,The Good Dinosaur,187500000.00,123087120.00,334342692.00
20080502,Iron Man,186000000.00,318604126.00,585171547.00
20080718,The Dark Knight,185000000.00,533345358.00,1001926710.00
20080522,Indiana Jones and the Kingdom of the Crystal Skull,185000000.00,317023851.00,786558145.00
20120622,Brave,185000000.00,237282182.00,554606532.00
20170310,Kong: Skull Island,185000000.00,168052812.00,561137727.00
20160722,Star Trek Beyond,185000000.00,158848340.00,336398312.00
20051209,"The Chronicles of Narnia: The Lion, the Witch and the Wardrobe",180000000.00,291710957.00,720539572.00
20140530,Maleficent,180000000.00,241407328.00,758536735.00
20161118,Fantastic Beasts and Where to Find Them,180000000.00,234037575.00,803798342.00
20080627,WALL-E,180000000.00,223808164.00,532590994.00
20070810,Rush Hour 3,180000000.00,140125968.00,256585882.00
20160701,The Legend of Tarzan,180000000.00,126643061.00,349143061.00
20111123,Hugo,180000000.00,73864507.00,180047784.00
20170721,Valerian and the City of a Thousand Planets,180000000.00,39439346.00,124431946.00
20150206,Jupiter Ascending,179000000.00,47482519.00,181982519.00
20160527,X-Men: Apocalypse,178000000.00,155442489.00,542742489.00
20140606,Edge of Tomorrow,178000000.00,100206256.00,370541256.00
20160415,The Jungle Book,175000000.00,364001123.00,963901123.00
20150619,Inside Out,175000000.00,356461711.00,853707581.00
20160805,Suicide Squad,175000000.00,325100054.00,746100054.00
20170707,Spider-Man: Homecoming,175000000.00,318843082.00,730854612.00
20090529,Up,175000000.00,293004164.00,731542621.00
20090327,Monsters vs. Aliens,175000000.00,198351526.00,381687380.00
20090807,G.I. Joe: The Rise of Cobra,175000000.00,150201498.00,302469017.00
19990630,Wild Wild West,175000000.00,113805681.00,221229335.00
20080801,The Mummy: Tomb of the Dragon Emperor,175000000.00,102491776.00,405760225.00
20070622,Evan Almighty,175000000.00,100289690.00,174131329.00
19950728,Waterworld,175000000.00,88246220.00,264246220.00
20170512,King Arthur: Legend of the Sword,175000000.00,39175066.00,140012608.00
20131225,47 Ronin,175000000.00,38362475.00,151716815.00
20201231,Singularity,175000000.00,0.00,0.00
20140801,Guardians of the Galaxy,170000000.00,333172112.00,771051335.00
20100507,Iron Man 2,170000000.00,312433331.00,621156389.00
20140404,Captain America: The Winter Soldier,170000000.00,259746958.00,714401889.00
20140711,Dawn of the Planet of the Apes,170000000.00,208545589.00,710644566.00
20041110,The Polar Express,170000000.00,194949659.00,319090241.00
20120601,Snow White and the Huntsman,170000000.00,155136755.00,401021746.00
20030701,Terminator 3: Rise of the Machines,170000000.00,150358296.00,433058296.00
20040507,Van Helsing,170000000.00,120150546.00,300150546.00
20150522,Tomorrowland,170000000.00,93436322.00,207283457.00
20160527,Alice Through the Looking Glass,170000000.00,77042381.00,277442381.00
20100521,Shrek Forever After,165000000.00,238736787.00,756244673.00
20161104,Doctor Strange,165000000.00,232641920.00,677541920.00
20141107,Big Hero 6,165000000.00,222527828.00,652127828.00
20100326,How to Train Your Dragon,165000000.00,217581231.00,494870991.00
20121102,Wreck-It Ralph,165000000.00,189412677.00,496511521.00
20141105,Interstellar,165000000.00,188017894.00,668913307.00
20160624,Independence Day: Resurgence,165000000.00,103144286.00,387644286.00
20110729,Cowboys and Aliens,163000000.00,100240551.00,175910315.00
20170317,Beauty and the Beast,160000000.00,504014165.00,1260914165.00
20070517,Shrek the Third,160000000.00,322719944.00,807330936.00
20100716,Inception,160000000.00,292576195.00,832584416.00
20151120,The Hunger Games: Mockingjay - Part 2,160000000.00,281723902.00,650523427.00
20130524,Fast and Furious 6,160000000.00,238679850.00,789300444.00
20140516,Godzilla,160000000.00,200676069.00,529076069.00
20110603,X-Men: First Class,160000000.00,146408305.00,355408305.00
20081225,The Curious Case of Benjamin Button,160000000.00,127509326.00,329809326.00
20100714,The Sorcerer's Apprentice,160000000.00,63150991.00,217986320.00
20060512,Poseidon,160000000.00,60674817.00,181674817.00
20160610,Warcraft,160000000.00,47225655.00,433125655.00
20181218,Aquaman,160000000.00,0.00,0.00
20160930,Deepwater Horizon,156000000.00,61433527.00,113611666.00
20101210,The Chronicles of Narnia: The Voyage of the Dawn Treader,155000000.00,104386950.00,418186950.00
20150701,Terminator: Genisys,155000000.00,89760956.00,440160956.00
20041124,Alexander,155000000.00,34297191.00,167297191.00
20170714,War for the Planet of the Apes,152000000.00,142753895.00,347557766.00
20010525,Pearl Harbor,151500000.00,198539855.00,449239855.00
20070702,Transformers,151000000.00,319246193.00,708272592.00
20170602,Wonder Woman,150000000.00,406203061.00,795588728.00
20131122,Frozen,150000000.00,400738009.00,1274234980.00
20160304,Zootopia,150000000.00,341268248.00,1019920974.00
20070711,Harry Potter and the Order of the Phoenix,150000000.00,292004738.00,942943935.00
20051118,Harry Potter and the Goblet of Fire,150000000.00,290013036.00,896911078.00
20030515,The Matrix Reloaded,150000000.00,281553689.00,738576929.00
20071214,I am Legend,150000000.00,256393010.00,585532684.00
20161123,Moana,150000000.00,248757044.00,639537208.00
20080701,Hancock,150000000.00,227946274.00,624234272.00
20050715,Charlie and the Chocolate Factory,150000000.00,206459076.00,475825484.00
20070629,Ratatouille,150000000.00,206445654.00,626549695.00
20131108,Thor: The Dark World,150000000.00,206362140.00,644602516.00
20050615,Batman Begins,150000000.00,205343774.00,359142722.00
20150731,Mission: Impossible—Rogue Nation,150000000.00,195042377.00,700868363.00
20110506,Thor,150000000.00,181030624.00,449326618.00
20081107,Madagascar: Escape 2 Africa,150000000.00,180010950.00,599516844.00
20090501,X-Men Origins: Wolverine,150000000.00,179883157.00,374825760.00
20090522,Night at the Museum: Battle of the Smithsonian,150000000.00,177243721.00,402231063.00
20170721,Dunkirk,150000000.00,172479030.00,397866799.00
20110526,Kung Fu Panda 2,150000000.00,165249063.00,664837547.00
20150515,Mad Max: Fury Road,150000000.00,153636354.00,370742166.00
20031105,The Matrix Revolutions,150000000.00,139270910.00,427300260.00
20060505,Mission: Impossible III,150000000.00,133501348.00,397501348.00
20090515,Angels & Demons,150000000.00,133375846.00,490875846.00
20040514,Troy,150000000.00,133298577.00,484161265.00
20100701,The Last Airbender,150000000.00,131772187.00,319713881.00
20071102,Bee Movie,150000000.00,126631277.00,287594577.00
20090724,G-Force,150000000.00,119436770.00,292817841.00
20081121,Bolt,150000000.00,114053759.00,328015209.00
20120330,Wrath of the Titans,150000000.00,83670083.00,305270083.00
20071116,Beowulf,150000000.00,82195215.00,194995215.00
20120511,Dark Shadows,150000000.00,79727149.00,238202668.00
20130628,White House Down,150000000.00,73103784.00,205440387.00
20100212,The Wolfman,150000000.00,62189884.00,142634358.00
20170217,The Great Wall,150000000.00,45157105.00,331775766.00
20151009,Pan,150000000.00,35088320.00,123888320.00
20110311,Mars Needs Moms,150000000.00,21392758.00,39549758.00
20061103,Flushed Away,149000000.00,64665672.00,179357126.00
20120608,Madagascar 3: Europe's Most Wanted,145000000.00,216391482.00,746921271.00
20111216,Mission: Impossible—Ghost Protocol,145000000.00,209397903.00,694713230.00
20140613,How to Train Your Dragon 2,145000000.00,177002924.00,616102924.00
19990616,Tarzan,145000000.00,171091819.00,448191819.00
20140307,Mr. Peabody & Sherman,145000000.00,111506430.00,269806430.00
20121121,Rise of the Guardians,145000000.00,103412758.00,306900902.00
20050408,Sahara,145000000.00,68671925.00,121671925.00
20160715,Ghostbusters,144000000.00,128350574.00,229034050.00
20021122,Die Another Day,142000000.00,160942139.00,431942139.00
20090508,Star Trek,140000000.00,257730019.00,385680446.00
19980701,Armageddon,140000000.00,201578182.00,554600000.00
20020703,Men in Black 2,140000000.00,190418803.00,441767803.00
20110722,Captain America: The First Avenger,140000000.00,176654505.00,370569776.00
20160129,Kung Fu Panda 3,140000000.00,143528619.00,518614383.00
19980710,Lethal Weapon 4,140000000.00,130444603.00,285400000.00
20130327,G.I. Joe: Retaliation,140000000.00,122523060.00,375740705.00
20031205,The Last Samurai,140000000.00,111110575.00,456810575.00
20051221,Fun With Dick And Jane,140000000.00,110550000.00,203018919.00
20141212,Exodus: Gods and Kings,140000000.00,65014513.00,268314513.00
20160701,The BFG,140000000.00,55483770.00,154110769.00
20160226,Gods of Egypt,140000000.00,31153464.00,133553464.00
20020503,Spider-Man,139000000.00,403706375.00,821706375.00
20090306,Watchmen,138000000.00,107509799.00,184068357.00
20050729,Stealth,138000000.00,32116746.00,76416746.00
20080613,The Incredible Hulk,137500000.00,134806913.00,265573859.00
20030620,Hulk,137000000.00,132177234.00,245075434.00
20010711,Final Fantasy: The Spirits Within,137000000.00,32131830.00,85131830.00
20121116,"The Twilight Saga: Breaking Dawn, Part 2",136200000.00,292324737.00,829724737.00
20131001,The Croods,135000000.00,187168425.00,573068425.00
20160108,The Revenant,135000000.00,183637894.00,532950503.00
19991119,The World is Not Enough,135000000.00,126930660.00,361730660.00
20110304,Rango,135000000.00,123257581.00,245504574.00
20031114,Master and Commander: The Far Side of the World,135000000.00,93926386.00,212912137.00
20130717,Turbo,135000000.00,83028130.00,286896578.00
20160603,Teenage Mutant Ninja Turtles: Out of the Shadows,135000000.00,82051601.00,245623848.00
20111118,Happy Feet Two,135000000.00,64006466.00,157956466.00
20060728,Miami Vice,135000000.00,63478838.00,163818556.00
20050629,War of the Worlds,132000000.00,234280354.00,606836535.00
20141126,Penguins of Madagascar,132000000.00,83350911.00,367650911.00
20131122,The Hunger Games: Catching Fire,130000000.00,424668047.00,864868047.00
20040604,Harry Potter and the Prisoner of Azkaban,130000000.00,249538952.00,796688549.00
20070803,The Bourne Ultimatum,130000000.00,227471070.00,442161562.00
20080606,Kung Fu Panda,130000000.00,215434591.00,631910531.00
20150717,Ant-Man,130000000.00,180202163.00,519338048.00
20150327,Home,130000000.00,177397510.00,386069390.00
20111028,Puss in Boots,130000000.00,149260504.00,554987477.00
20101105,Megamind,130000000.00,148415853.00,321887208.00
20030718,Bad Boys II,130000000.00,138540870.00,273271982.00
20140411,Rio 2,130000000.00,131538435.00,493738435.00
20100723,Salt,130000000.00,118311368.00,290650494.00
20140328,Noah,130000000.00,101200044.00,352831065.00
20111221,The Adventures of Tintin,130000000.00,77591831.00,373993951.00
20130531,After Earth,130000000.00,60522097.00,251499665.00
20081126,Australia,130000000.00,49554002.00,215080810.00
20130719,R.I.P.D.,130000000.00,33618855.00,79076678.00
20111118,"The Twilight Saga: Breaking Dawn, Part 1",127500000.00,281287133.00,689420051.00
20000519,Dinosaur,127500000.00,137748063.00,356148063.00
20170303,Logan,127000000.00,226277068.00,615577068.00
20141219,Night at the Museum: Secret of the Tomb,127000000.00,113746621.00,356546621.00
20110715,Harry Potter and the Deathly Hallows: Part II,125000000.00,381011219.00,1341511219.00
20141121,The Hunger Games: Mockingjay - Part 1,125000000.00,337135885.00,766652288.00
20011116,Harry Potter and the Sorcerer’s Stone,125000000.00,317575550.00,974755371.00
20030709,Pirates of the Caribbean: The Curse of the Black Pearl,125000000.00,305411224.00,634954103.00
20101119,Harry Potter and the Deathly Hallows: Part I,125000000.00,295983305.00,960283305.00
20060519,The Da Vinci Code,125000000.00,217536138.00,767820459.00
20030502,X2,125000000.00,214949694.00,406875536.00
20110429,Fast Five,125000000.00,209837675.00,629969804.00
20140808,Teenage Mutant Ninja Turtles,125000000.00,191204754.00,485004754.00
20111216,Sherlock Holmes: A Game of Shadows,125000000.00,186848418.00,535663443.00
20040528,The Day After Tomorrow,125000000.00,186740799.00,556319450.00
20170331,The Boss Baby,125000000.00,174928568.00,492754356.00
20100401,Clash of the Titans,125000000.00,163214888.00,493214888.00
20161104,Trolls,125000000.00,153707064.00,344780046.00
19980519,Godzilla,125000000.00,136314294.00,376000000.00
20120608,Prometheus,125000000.00,126477084.00,402448265.00
20120810,The Bourne Legacy,125000000.00,113203870.00,280355920.00
19970620,Batman & Robin,125000000.00,107325195.00,238317814.00
20120803,Total Recall,125000000.00,58877969.00,211856088.00
20161221,Assassin’s Creed,125000000.00,54647948.00,240497948.00
20170113,Monster Trucks,125000000.00,33370166.00,61681268.00
19990827,The 13th Warrior,125000000.00,32698899.00,61698899.00
20001117,How the Grinch Stole Christmas,123000000.00,260044825.00,345141403.00
20000524,Mission: Impossible 2,120000000.00,215409889.00,549588516.00
20000630,The Perfect Storm,120000000.00,182618434.00,328711434.00
20160729,Jason Bourne,120000000.00,162192920.00,416197059.00
20070615,Fantastic Four: Rise of the Silver Surfer,120000000.00,131921738.00,289480691.00
20121121,Life of Pi,120000000.00,124987022.00,607987022.00
20070216,Ghost Rider,120000000.00,115802596.00,229545589.00
20030627,Charlie's Angels: Full Throttle,120000000.00,100814328.00,227200000.00
20130809,Elysium,120000000.00,93050117.00,286192091.00
20130419,Oblivion,120000000.00,89107235.00,287916633.00
20170324,Power Rangers,120000000.00,85364450.00,140845191.00
20020719,Stuart Little 2,120000000.00,64956806.00,166000000.00
20140212,RoboCop,120000000.00,58607007.00,242981799.00
20040611,The Chronicles of Riddick,120000000.00,57712751.00,107212751.00
20150807,Fantastic Four,120000000.00,56117548.00,167977596.00
20080509,Speed Racer,120000000.00,43945766.00,93394462.00
20050722,The Island,120000000.00,35818913.00,163018913.00
20101217,How Do You Know?,120000000.00,30212620.00,49628177.00
20100623,Knight and Day,117000000.00,76423035.00,258751370.00
19990519,Star Wars Ep. I: The Phantom Menace,115000000.00,474544677.00,1027044677.00
20050519,Star Wars Ep. III: Revenge of the Sith,115000000.00,380270577.00,848998877.00
20020516,Star Wars Ep. II: Attack of the Clones,115000000.00,310676740.00,656695615.00
20011102,"Monsters, Inc.",115000000.00,289423425.00,559757719.00
20130726,The Wolverine,115000000.00,132556852.00,416456852.00
19970207,Dante's Peak,115000000.00,67163857.00,178200000.00
20160422,The Huntsman: Winter’s War,115000000.00,48003015.00,165149302.00
20020614,Windtalkers,115000000.00,40914068.00,77628265.00
20080704,Astérix aux Jeux Olympiques,113500000.00,999811.00,132999811.00
20101225,Gulliver's Travels,112000000.00,42779261.00,232017848.00
20131004,Gravity,110000000.00,274092705.00,695941797.00
20061222,Night at the Museum,110000000.00,250863268.00,579446407.00
20050610,Mr. and Mrs. Smith,110000000.00,186336279.00,486124090.00
20150529,San Andreas,110000000.00,155190832.00,469590832.00
20110729,The Smurfs,110000000.00,142614158.00,563749323.00
20070627,Live Free or Die Hard,110000000.00,134529403.00,382288147.00
20150320,The Divergent Series: Insurgent,110000000.00,130179072.00,295279072.00
20041210,Ocean's Twelve,110000000.00,125531634.00,362989076.00
19971219,Tomorrow Never Dies,110000000.00,125304276.00,339504276.00
20000628,The Patriot,110000000.00,113330342.00,215300000.00
20140307,300: Rise of an Empire,110000000.00,106580051.00,330780051.00
20041217,The Aviator,110000000.00,102608827.00,208370892.00
20161221,Passengers,110000000.00,100014092.00,302211243.00
20110114,The Green Hornet,110000000.00,98780042.00,229155503.00
20160930,Miss Peregrine’s Home for Peculiar Children,110000000.00,87242834.00,296642834.00
20111007,Real Steel,110000000.00,85463309.00,263880341.00
20100611,The A-Team,110000000.00,77222099.00,177241171.00
20130731,The Smurfs 2,110000000.00,71017784.00,348547523.00
20160318,The Divergent Series: Allegiant,110000000.00,66184051.00,171484051.00
20090612,The Taking of Pelham 123,110000000.00,65452312.00,152364370.00
20131101,Ender's Game,110000000.00,61737191.00,127983283.00
20040402,Home on the Range,110000000.00,50026353.00,76482461.00
19970613,Speed 2: Cruise Control,110000000.00,48097081.00,150468000.00
20050506,Kingdom of Heaven,110000000.00,47398413.00,218853353.00
20170331,Ghost in the Shell,110000000.00,40563557.00,167918847.00
20040616,Around the World in 80 Days,110000000.00,24004159.00,72004159.00
20011219,The Lord of the Rings: The Fellowship of the Ring,109000000.00,315544750.00,887210985.00
20031121,The Cat in the Hat,109000000.00,101018283.00,133818283.00
20011225,Ali,109000000.00,58183966.00,87683966.00
20151002,The Martian,108000000.00,228433663.00,663851905.00
20040716,"I, Robot",105000000.00,144801023.00,348629585.00
19991217,Stuart Little,105000000.00,140015224.00,298815224.00
20091125,The Princess and the Frog,105000000.00,104400899.00,270997378.00
20080307,"10,000 B.C.",105000000.00,94784201.00,269065678.00
20160722,Ice Age: Collision Course,105000000.00,64063008.00,403841637.00
20010427,Town & Country,105000000.00,6712451.00,10364769.00
20000609,Gone in 60 Seconds,103300000.00,101643008.00,232643008.00
20000505,Gladiator,103000000.00,187683805.00,457683805.00
20130523,The Hangover 3,103000000.00,112200072.00,362000072.00
20180309,A Wrinkle in Time,103000000.00,0.00,0.00
20090701,Public Enemies,102500000.00,97104620.00,212282709.00
20061117,Casino Royale,102000000.00,167365000.00,594420283.00
20020621,Minority Report,102000000.00,132024714.00,358824714.00
20121026,Cloud Atlas,102000000.00,27108272.00,130673154.00
20021115,Harry Potter and the Chamber of Secrets,100000000.00,261987880.00,878979634.00
19910702,Terminator 2: Judgment Day,100000000.00,202441046.00,514397701.00
19950616,Batman Forever,100000000.00,184031112.00,336529144.00
20010727,Planet of the Apes,100000000.00,180011740.00,362211740.00
20041119,National Treasure,100000000.00,173005002.00,331323410.00
20121225,Django Unchained,100000000.00,162805434.00,449948323.00
20101222,Little Fockers,100000000.00,148438600.00,310650574.00
19940715,True Lies,100000000.00,146282411.00,365300000.00
20071102,American Gangster,100000000.00,130164645.00,267985456.00
20090918,Cloudy with a Chance of Meatballs,100000000.00,124870275.00,236827677.00
20100806,The Other Guys,100000000.00,119219978.00,170936470.00
20041217,Lemony Snicket's A Series of Unfortunate Events,100000000.00,118627117.00,212956024.00
20131225,The Wolf of Wall Street,100000000.00,116900694.00,389870414.00
20130524,Epic,100000000.00,107518682.00,262794441.00
19960621,Eraser,100000000.00,101295562.00,234400000.00
19960621,The Hunchback of Notre Dame,100000000.00,100138851.00,325500000.00
20001215,The Emperor's New Groove,100000000.00,89296573.00,169296573.00
20120817,The Expendables 2,100000000.00,85028192.00,311979256.00
20091016,Where the Wild Things Are,100000000.00,77233467.00,99123656.00
20061215,Eragon,100000000.00,75030163.00,249488115.00
20140725,Hercules,100000000.00,72688614.00,243388614.00
20101210,The Tourist,100000000.00,67631157.00,278731369.00
19991124,End of Days,100000000.00,66889043.00,212026975.00
20040611,The Stepford Wives,100000000.00,59475623.00,96221971.00
20070608,Surf's Up,100000000.00,58867694.00,145395745.00
20061208,Blood Diamond,100000000.00,57377916.00,171377916.00
20100924,Legend of the Guardians: The Owls of Ga'Hoole,100000000.00,55675313.00,139716717.00
19971107,Starship Troopers,100000000.00,54768952.00,121100000.00
20090605,Land of the Lost,100000000.00,49438370.00,69548641.00
20031225,Peter Pan,100000000.00,48417850.00,95255485.00
20040723,Catwoman,100000000.00,40202379.00,82145379.00
20140815,The Expendables 3,100000000.00,39322544.00,209461378.00
20021127,Treasure Planet,100000000.00,38120554.00,91800000.00
20100312,Green Zone,100000000.00,35497337.00,97523020.00
20151225,Point Break,100000000.00,28782481.00,128131571.00
20151211,In the Heart of the Sea,100000000.00,25020758.00,90420758.00
20140418,Transcendence,100000000.00,23022309.00,103039258.00
20050218,Son of the Mask,100000000.00,17018422.00,59918422.00
20020816,The Adventures of Pluto Nash,100000000.00,4411102.00,7094995.00
20120120,Jin líng shí san chai,100000000.00,311434.00,98227017.00
20190315,Amusement Park,100000000.00,0.00,0.00
20151106,The Peanuts Movie,99000000.00,130178411.00,250474038.00
20010504,The Mummy Returns,98000000.00,202007640.00,435040395.00
20021220,Gangs of New York,97000000.00,77730500.00,183124621.00
20170519,Alien: Covenant,97000000.00,74249538.00,231695077.00
20150313,Cinderella,95000000.00,201151353.00,534551353.00
20120713,Ice Age: Continental Drift,95000000.00,161321843.00,879765137.00
20011228,Black Hawk Down,95000000.00,108638745.00,159691085.00
20100527,Sex and the City 2,95000000.00,95347692.00,294680778.00
20100212,Percy Jackson & the Olympians: The Lightning Thief,95000000.00,88768303.00,223050874.00
20120810,The Campaign,95000000.00,86907746.00,104907746.00
20101112,Unstoppable,95000000.00,81562942.00,169511609.00
19970509,The Fifth Element,95000000.00,63570862.00,263898808.00
20000331,The Road to El Dorado,95000000.00,50802661.00,65700000.00
20091211,The Lovely Bones,95000000.00,44114232.00,94894448.00
20160819,Ben-Hur,95000000.00,26410477.00,88725100.00
20150206,Seventh Son,95000000.00,17223265.00,110623265.00
20030530,Finding Nemo,94000000.00,380529370.00,936429370.00
20031217,The Lord of the Rings: The Return of the King,94000000.00,377845905.00,1141403341.00
20021218,The Lord of the Rings: The Two Towers,94000000.00,342548984.00,934699645.00
20010615,Lara Croft: Tomb Raider,94000000.00,131144183.00,273330185.00
20150213,Kingsman: The Secret Service,94000000.00,128261724.00,404561724.00
20010718,Jurassic Park III,93000000.00,181166115.00,365900000.00
20110805,Rise of the Planet of the Apes,93000000.00,176760185.00,482860185.00
20080214,The Spiderwick Chronicles,92500000.00,71195053.00,162839667.00
20041105,The Incredibles,92000000.00,261441092.00,614726752.00
20130214,A Good Day to Die Hard,92000000.00,67349198.00,304249198.00
20040409,The Alamo,92000000.00,22406362.00,23911362.00
19951222,Cutthroat Island,92000000.00,10017322.00,18517322.00
20131225,The Secret Life of Walter Mitty,91000000.00,58236838.00,188536838.00
19970701,Men in Black,90000000.00,250690539.00,587790539.00
19991119,Toy Story 2,90000000.00,245852179.00,511358276.00
20010803,Rush Hour 2,90000000.00,226164286.00,347425832.00
20091225,Sherlock Holmes,90000000.00,209028679.00,498438212.00
20090701,Ice Age: Dawn of the Dinosaurs,90000000.00,196573705.00,859701857.00
20000721,What Lies Beneath,90000000.00,155464351.00,288693989.00
20110415,Rio,90000000.00,143619809.00,487519809.00
20061006,The Departed,90000000.00,132384315.00,289660619.00
20001103,Charlie's Angels,90000000.00,125305545.00,259736090.00
19980619,Mulan,90000000.00,120620254.00,303500000.00
20080813,Tropic Thunder,90000000.00,110461307.00,191091250.00
20111220,The Girl with the Dragon Tattoo,90000000.00,102515793.00,239373970.00
19970711,Contact,90000000.00,100920329.00,165900000.00
20080606,You Don't Mess With the Zohan,90000000.00,100018837.00,202910991.00
19950519,Die Hard: With a Vengeance,90000000.00,100012499.00,366101666.00
20160923,The Magnificent Seven,90000000.00,93427848.00,159762983.00
20151218,Alvin and the Chipmunks: The Road Chip,90000000.00,85886987.00,249520430.00
20010608,Atlantis: The Lost Empire,90000000.00,84052762.00,186049020.00
20081225,Valkyrie,90000000.00,83077762.00,203902107.00
20150724,Pixels,90000000.00,78747585.00,244126300.00
20010629,Artificial Intelligence: AI,90000000.00,78616689.00,235900000.00
20031126,The Haunted Mansion,90000000.00,75817994.00,155750628.00
20000804,Hollow Man,90000000.00,73209340.00,191200000.00
20050422,The Interpreter,90000000.00,72708161.00,162753837.00
20130807,Percy Jackson: Sea of Monsters,90000000.00,68559554.00,200859554.00
20030725,Lara Croft: Tomb Raider: The Cradle of Life,90000000.00,65653758.00,157092943.00
20160610,Now You See Me 2,90000000.00,65075540.00,328675540.00
20011121,Spy Game,90000000.00,62362560.00,143049560.00
19970404,The Saint,90000000.00,61363304.00,169400000.00
20000310,Mission to Mars,90000000.00,60874615.00,106000000.00
19991217,Bicentennial Man,90000000.00,58220776.00,87420776.00
20040707,King Arthur,90000000.00,51877963.00,203877963.00
19970425,Volcano,90000000.00,47546796.00,120100000.00
19970326,The Devil's Own,90000000.00,42885593.00,140900000.00
20020719,K-19: The Widowmaker,90000000.00,35168966.00,65716126.00
20110819,Conan the Barbarian,90000000.00,21295021.00,63356133.00
20111021,The Three Musketeers,90000000.00,20377913.00,139877913.00
20170421,The Promise,90000000.00,8224288.00,10038699.00
20101124,The Nutcracker in 3D,90000000.00,195459.00,20466016.00
19960510,Twister,88000000.00,241688385.00,495700000.00
20050603,Cinderella Man,88000000.00,61649911.00,105021488.00
20050708,Fantastic Four,87500000.00,154696080.00,333132750.00
20010209,Hannibal,87000000.00,165092266.00,350100280.00
20030725,Seabiscuit,86000000.00,120277854.00,148715342.00
20001222,Cast Away,85000000.00,233632142.00,427230516.00
20061117,Happy Feet,85000000.00,198000317.00,385000317.00
20011207,Ocean's Eleven,85000000.00,183417150.00,450728529.00
20040723,The Bourne Supremacy,85000000.00,176087450.00,288587450.00
19970725,Air Force One,85000000.00,172956409.00,315268353.00
20090403,Fast & Furious,85000000.00,155064265.00,363064265.00
20080314,Horton Hears a Who,85000000.00,154529439.00,299477886.00
20140321,Divergent,85000000.00,150947895.00,276014965.00
20120928,Hotel Transylvania,85000000.00,148313048.00,378505812.00
20071121,Enchanted,85000000.00,127706877.00,340384141.00
20120210,Safe House,85000000.00,126181630.00,208542162.00
20070720,I Now Pronounce You Chuck and Larry,85000000.00,119725280.00,185708462.00
20070608,Ocean's Thirteen,85000000.00,117144465.00,311744465.00
20091225,It’s Complicated,85000000.00,112735375.00,224614744.00
19981120,Enemy of the State,85000000.00,111549836.00,250649836.00
20060929,Open Season,85000000.00,85105259.00,191932158.00
20111104,Tower Heist,85000000.00,78046570.00,150422946.00
20001122,102 Dalmatians,85000000.00,66941559.00,66941559.00
20120330,Mirror Mirror,85000000.00,64935167.00,173613482.00
20061208,The Holiday,85000000.00,63280000.00,205190324.00
20060616,The Fast and the Furious: Tokyo Drift,85000000.00,62615510.00,157794205.00
20051209,Memoirs of a Geisha,85000000.00,57010853.00,161510853.00
20010316,Enemy at the Gates,85000000.00,51396781.00,96971293.00
19930618,Last Action Hero,85000000.00,50016394.00,137298489.00
20030926,The Rundown,85000000.00,47641743.00,80831893.00
20111123,Arthur Christmas,85000000.00,46462469.00,149717124.00
20100730,Cats & Dogs: The Revenge of Kitty Galore,85000000.00,45539292.00,114979922.00
20170120,xXx: Return of Xander Cage,85000000.00,44898413.00,345114933.00
19981113,Meet Joe Black,85000000.00,44650003.00,44650003.00
20020208,Collateral Damage,85000000.00,40048332.00,78353508.00
20020315,Showtime,85000000.00,37948765.00,78948765.00
19950630,Judge Dredd,85000000.00,34687912.00,113487912.00
20070302,Zodiac,85000000.00,33080084.00,83080084.00
20100813,Scott Pilgrim vs. The World,85000000.00,31611316.00,48056764.00
20030328,The Core,85000000.00,31111260.00,74132631.00
19970509,Father's Day,85000000.00,28681080.00,35681080.00
20020614,Scooby-Doo,84000000.00,153294164.00,276294164.00
20000728,Nutty Professor II: The Klumps,84000000.00,123307945.00,166307945.00
20130719,RED 2,84000000.00,53262560.00,137162560.00
20060623,Click,82500000.00,137355633.00,237685089.00
20061215,Charlotte's Web,82500000.00,82985708.00,143985708.00
20080214,Jumper,82500000.00,81168265.00,223636949.00
20080711,Hellboy II: The Golden Army,82500000.00,75986503.00,160388063.00
20050527,The Longest Yard,82000000.00,158119460.00,190320568.00
20100813,The Expendables,82000000.00,103068524.00,268268174.00
20001117,The 6th Day,82000000.00,34543701.00,96024898.00
20030523,Bruce Almighty,81000000.00,242704995.00,484468608.00
20120323,The Hunger Games,80000000.00,408010692.00,677923379.00
20110526,The Hangover Part II,80000000.00,254464305.00,586464305.00
19960521,Mission: Impossible,80000000.00,180981886.00,457697994.00
20170210,The Lego Batman Movie,80000000.00,175750384.00,310940997.00
20150925,Hotel Transylvania 2,80000000.00,169700110.00,470751398.00
19920618,Batman Returns,80000000.00,162833635.00,266824291.00
19990507,The Mummy,80000000.00,155385488.00,416385488.00
20060519,Over the Hedge,80000000.00,155019340.00,343397247.00
20020621,Lilo & Stitch,80000000.00,145771527.00,245800000.00
19980508,Deep Impact,80000000.00,140464664.00,349464664.00
20130712,Grown Ups 2,80000000.00,133668525.00,247023808.00
20111216,Alvin and the Chipmunks: Chipwrecked,80000000.00,133107389.00,349088523.00
20080620,Get Smart,80000000.00,130319208.00,226739416.00
20050311,Robots,80000000.00,128200012.00,260700012.00
20100219,Shutter Island,80000000.00,128012934.00,299461782.00
20031212,Something's Gotta Give,80000000.00,124685242.00,266685242.00
20081126,Four Christmases,80000000.00,120146040.00,168311558.00
19970627,Face/Off,80000000.00,112276146.00,241200000.00
20081225,Bedtime Stories,80000000.00,110101975.00,221468935.00
20020712,Road to Perdition,80000000.00,104054514.00,183354514.00
20110211,Just Go With It,80000000.00,103028109.00,214974953.00
20030214,Daredevil,80000000.00,102543518.00,182782518.00
20080926,Eagle Eye,80000000.00,101440743.00,178066569.00
19970606,Con Air,80000000.00,101117573.00,224117573.00
20101217,Yogi Bear,80000000.00,100246011.00,204774690.00
20031225,Cold Mountain,80000000.00,95632614.00,165173909.00
20100115,The Book of Eli,80000000.00,94835059.00,158750817.00
19971126,Flubber,80000000.00,92993801.00,177993801.00
19990723,The Haunting,80000000.00,91188905.00,180188905.00
19961115,Space Jam,80000000.00,90463534.00,250200000.00
20141017,Fury,80000000.00,85755593.00,210253368.00
20060210,The Pink Panther,80000000.00,82226474.00,158926474.00
20110708,Zookeeper,80000000.00,80360866.00,170805525.00
20081212,The Day the Earth Stood Still,80000000.00,79366978.00,233066978.00
19970808,Conspiracy Theory,80000000.00,76118990.00,142783718.00
19980612,"Six Days, Seven Nights",80000000.00,74339294.00,164800000.00
20020524,Spirit: Stallion of the Cimarron,80000000.00,73215310.00,106515310.00
20010608,Swordfish,80000000.00,69772969.00,147080413.00
19980403,Lost In Space,80000000.00,69117629.00,136047317.00
20040730,The Manchurian Candidate,80000000.00,65948711.00,96148711.00
20061122,Déjà Vu,80000000.00,64038616.00,181038616.00
20050624,Bewitched,80000000.00,63313159.00,131159306.00
20000101,Fantasia 2000 (IMAX),80000000.00,60507228.00,60507228.00
20020308,The Time Machine,80000000.00,56684819.00,98983590.00
19981002,What Dreams May Come,80000000.00,55485043.00,71485043.00
19981225,Mighty Joe Young,80000000.00,50632037.00,50632037.00
20051028,The Legend of Zorro,80000000.00,45575336.00,141475336.00
20001110,Little Nicky,80000000.00,39442871.00,58270391.00
20090925,Surrogates,80000000.00,38577772.00,119668350.00
20010608,Evolution,80000000.00,38311134.00,98341932.00
20050826,The Brothers Grimm,80000000.00,37899638.00,105299638.00
19961213,Mars Attacks!,80000000.00,37771017.00,101371017.00
20060414,The Wild,80000000.00,37384046.00,99010667.00
20131220,Walking with Dinosaurs,80000000.00,36076121.00,130580730.00
20001222,Thirteen Days,80000000.00,34566746.00,66554547.00
19961206,Daylight,80000000.00,32908290.00,158908290.00
20151023,The Last Witch Hunter,80000000.00,27367660.00,131234406.00
20140221,Pompeii,80000000.00,23169033.00,108469033.00
20000512,Battlefield Earth: A Saga of the Year 3000,80000000.00,21471685.00,29725663.00
20031114,Looney Tunes: Back in Action,80000000.00,20950820.00,54540662.00
20091218,Nine,80000000.00,19676965.00,53508858.00
20031126,Timeline,80000000.00,19480739.00,26703184.00
20100422,Oceans,80000000.00,19422319.00,86787530.00
19981125,Babe: Pig in the City,80000000.00,18319860.00,69131860.00
19971225,The Postman,80000000.00,17650704.00,20841123.00
20001110,Red Planet,80000000.00,17480890.00,33463969.00
20070112,Arthur et les Minimoys,80000000.00,15132763.00,113325743.00
20070817,The Invasion,80000000.00,15074191.00,40147042.00
20000616,Fantasia 2000 (Theatrical Release),80000000.00,9103630.00,9103630.00
20050902,A Sound of Thunder,80000000.00,1900451.00,6300451.00
20151231,"Don Gato, el inicio de la pandilla",80000000.00,0.00,4547660.00
19940615,The Lion King,79300000.00,422780140.00,987480140.00
20120210,Journey 2: The Mysterious Island,79000000.00,103860290.00,318146162.00
20111111,Jack and Jill,79000000.00,74158157.00,150519217.00
20011221,A Beautiful Mind,78000000.00,170708996.00,317668058.00
20130927,Cloudy with a Chance of Meatballs 2,78000000.00,119793567.00,274392649.00
20021004,Red Dragon,78000000.00,92955420.00,206455420.00
20040305,Hidalgo,78000000.00,67286731.00,108086731.00
20030711,The League of Extraordinary Gentlemen,78000000.00,66465204.00,179265204.00
20040820,Exorcist: The Beginning,78000000.00,41814863.00,43957541.00
20121231,Astérix et Obélix: Au service de Sa Majesté,77600000.00,0.00,60680125.00
20160212,The Little Prince,77500000.00,1311213.00,90905178.00
20130703,Despicable Me 2,76000000.00,368065385.00,975216835.00
20030606,2 Fast 2 Furious,76000000.00,127120058.00,236410607.00
20061225,Children of Men,76000000.00,35552383.00,69845011.00
20000630,The Adventures of Rocky & Bullwinkle,76000000.00,26000610.00,35129610.00
20160708,The Secret Life of Pets,75000000.00,368384330.00,875958307.00
19960702,Independence Day,75000000.00,306169255.00,817400878.00
20161221,Sing,75000000.00,270329045.00,627886287.00
20170630,Despicable Me 3,75000000.00,254486755.00,971686755.00
19970522,The Lost World: Jurassic Park,75000000.00,229086679.00,618638999.00
20060331,Ice Age: The Meltdown,75000000.00,195330621.00,651899282.00
20050527,Madagascar,75000000.00,193595521.00,556559566.00
20100625,Grown Ups,75000000.00,162001186.00,272223430.00
20041001,Shark Tale,75000000.00,161412000.00,371917043.00
20000714,X-Men,75000000.00,157299717.00,296872367.00
20080627,Wanted,75000000.00,134508551.00,342416460.00
19960607,The Rock,75000000.00,134069511.00,336069511.00
20040213,50 First Dates,75000000.00,120776832.00,196320329.00
20070720,Hairspray,75000000.00,118871849.00,203035572.00
20130531,Now You See Me,75000000.00,117723989.00,342769200.00
20061215,Dreamgirls,75000000.00,103365956.00,155708695.00
19990723,Inspector Gadget,75000000.00,97387965.00,97387965.00
20111111,Immortals,75000000.00,83504017.00,211562435.00
20040618,The Terminal,75000000.00,77073959.00,218673959.00
20050218,Constantine,75000000.00,75976178.00,221594911.00
20060721,Monster House,75000000.00,73661010.00,141267370.00
20001208,Vertical Limit,75000000.00,68473360.00,213500000.00
20071221,Charlie Wilson's War,75000000.00,66661095.00,119512771.00
19990416,Life,75000000.00,64062587.00,73521587.00
20050304,Be Cool,75000000.00,55849401.00,94944017.00
20051223,Munich,75000000.00,47379090.00,131492772.00
20100604,Killers,75000000.00,47059963.00,95572749.00
20150814,The Man From U.N.C.L.E.,75000000.00,45445109.00,105445109.00
